-- =============================================
-- Author: Asanka Lakmal
-- Create date: 13/07/2015
-- Description: BusService Application Sample data set
-- =============================================

-- bus_stop Table's sample data

INSERT INTO `bus_stop` (`bus_stop_id`, `bus_stop_name`, `lat`, `lon`) VALUES
(11039, 'Blk 19', 1.292308, 103.799953),
(11049, 'opposite Blessed Sacrament Church', 1.295375, 103.799524),
(11059, 'Mujahidin Mosque', 1.298894, 103.800747),
(11061, 'opposite Queenstown Secondary School', 1.302709, 103.801167),
(11069, 'Queensway Secondary School ', 1.302343, 103.801527),
(11071, 'Blk 97', 1.306184, 103.801703),
(11079, 'opposite Blk 95', 1.305288, 103.801946),
(11081, 'Viz Holland', 1.308505, 103.802564),
(11089, 'opposite Holland Hill Lodge ', 1.309557, 103.803448),
(11099, 'opposite Tulip Garden', 1.31306, 103.804383),
(11109, 'Spanish Village ', 1.315541, 103.805717),
(11119, 'Blk 6 ', 1.318142, 103.808498),
(11149, 'Queenstown MRT', 1.295093, 103.805991),
(11159, 'after Church Of Our Saviour ', 1.298058, 103.803678),
(11161, 'Commonwealth MRT', 1.302199, 103.798466),
(11169, 'Opposite Commonwealth MRT', 1.302621, 103.798341),
(11171, 'opposite Blk 7B', 1.305377, 103.794833),
(11179, 'Blk 8', 1.306273, 103.794226),
(11181, 'opposite Blk 43', 1.307232, 103.792272),
(11189, 'Blk 43', 1.307378, 103.792531),
(11199, 'Blk 15', 1.308268, 103.788497),
(11201, 'CSC Dempsey Clubhouse ', 1.306981, 103.811725),
(11211, 'after Peirce Road ', 1.308448, 103.809435),
(11221, 'Lien Towers', 1.310094, 103.805308),
(11361, 'Buona Vista MRT', 1.306489, 103.790789),
(11379, 'Buona Vista Bus Terminal ', 1.309106, 103.791633),
(13021, 'after Ministry of Foreign Affairs ', 1.306384, 103.814194),
(16099, 'Dover Institute of Technical Education ', 1.300474, 103.778207),
(17129, 'after NUS High School ', 1.304893, 103.770139),
(17159, 'Blk 365', 1.31184, 103.769753),
(17169, 'Blk 329', 1.312781, 103.766784),
(17179, 'Clementi MRT', 1.315036, 103.76529),
(18079, 'opposite National University Hospital ', 1.296607, 103.784393),
(18111, 'Fairfield Methodist Primary School ', 1.300579, 103.78447),
(18121, 'opposite Ayer Rajah Industrial Estate', 1.297519, 103.785476),
(18141, 'after Anglo-chinese JC', 1.304113, 103.788102),
(19019, 'opposite Blk 19A Car Park', 1.308032, 103.784795),
(19029, 'opposite Singapore Polytechnic Admission Office', 1.309502, 103.781941),
(19039, 'Dover MRT', 1.31169, 103.778594),
(19049, 'opposite School Of Media & ICT ', 1.312569, 103.774839),
(19071, 'opposite United World College ', 1.305106, 103.781048),
(19081, 'opposite ACS Boarding School ', 1.302542, 103.782861),
(41049, 'opposite Coronation Plaza', 1.324671, 103.810249),
(41109, 'opposite St. Margaret''s Secondary School ', 1.319451, 103.810522),
(41119, 'opposite Lutheran Towers', 1.320812, 103.81236),
(41129, 'opposite Singapore Bible College ', 1.325395, 103.813899);

-- route Table's sample data

INSERT INTO `route` (`route_id`, `route_number`, `route_name`) VALUES
(1, 147, 'Clemetnti Int To Hougang Central'),
(2, 196, 'Clementi Int To Bedok Int'),
(3, 198, 'Boon Lay Int To Bt Merah Int'),
(4, 105, 'Jurong East Int To Serangoon Int'),
(5, 145, 'Buona Vista Ter To Toa Payoh Int'),
(6, 855, 'Yishun Int To Harbour Front'),
(7, 961, 'Woodlands Reg Int To Lor 1 Geylang Ter'),
(8, 105, 'Serangoon Int To Jurong East Int');

-- bus Table's sample data

INSERT INTO `bus` (`bus_id`, `lat`, `lon`, `speed`, `route_id`, `bus_stop_id`) VALUES
(1, 1.315036, 103.76529, 50, 1, 17179),
(2, 1.312569, 103.774839, 55, 1, 19049),
(3, 1.298894, 103.800747, 45, 1, 11059),
(4, 1.302542, 103.782861, 55, 2, 19081),
(5, 1.304113, 103.788102, 60, 2, 18141),
(6, 1.298894, 103.800747, 50, 2, 11059),
(7, 1.300474, 103.778207, 35, 3, 16099),
(8, 1.297519, 103.785476, 45, 3, 18121),
(9, 1.302621, 103.798341, 55, 3, 11169),
(10, 1.295375, 103.799524, 65, 3, 11049),
(11, 1.31169, 103.778594, 40, 4, 19039),
(12, 1.308032, 103.784795, 40, 4, 19019),
(13, 1.302709, 103.801167, 50, 4, 11061),
(14, 1.307378, 103.792531, 40, 5, 11189),
(15, 1.306273, 103.794226, 60, 5, 11179),
(16, 1.295093, 103.805991, 55, 5, 11149),
(17, 1.320812, 103.81236, 55, 6, 41119),
(18, 1.315541, 103.805717, 40, 6, 11109),
(19, 1.309557, 103.803448, 35, 6, 11089),
(20, 1.298894, 103.800747, 50, 6, 11059),
(21, 1.320812, 103.81236, 35, 7, 41119),
(22, 1.318142, 103.808498, 60, 7, 11119),
(23, 1.31306, 103.804383, 50, 7, 11099),
(24, 1.295375, 103.799524, 50, 7, 11049),
(25, 1.306384, 103.814194, 55, 8, 13021),
(26, 1.308448, 103.809435, 40, 8, 11211),
(27, 1.305288, 103.801946, 55, 8, 11079),
(28, 1.305377, 103.794833, 50, 8, 11171);

-- route_bus_stop Table's sample data

INSERT INTO `route_bus_stop` (`route_bus_stop_id`, `route_id`, `bus_stop_id`, `sequence_no`, `distance_from_start`) VALUES
(1, 1, 17179, 1, 0),
(2, 1, 17169, 2, 0.8),
(3, 1, 17159, 3, 1.5),
(4, 1, 19049, 4, 2),
(5, 1, 19039, 5, 2.6),
(6, 1, 19029, 6, 3.2),
(7, 1, 19019, 7, 4),
(8, 1, 11199, 8, 4.3),
(9, 1, 11189, 9, 5),
(10, 1, 11179, 10, 5.5),
(11, 1, 11169, 11, 5.9),
(12, 1, 11059, 12, 6.4),
(13, 1, 11049, 13, 6.8),
(14, 1, 11039, 14, 7),
(15, 2, 19071, 1, 0),
(16, 2, 19081, 2, 0.6),
(17, 2, 18111, 3, 1.1),
(18, 2, 18141, 4, 1.8),
(19, 2, 11361, 5, 2.2),
(20, 2, 11189, 6, 2.6),
(21, 2, 11179, 7, 2.9),
(22, 2, 11169, 8, 3.5),
(23, 2, 11059, 9, 4.1),
(24, 2, 11049, 10, 4.6),
(25, 2, 11039, 11, 5),
(26, 3, 17129, 1, 0),
(27, 3, 16099, 2, 0.5),
(28, 3, 18079, 3, 1.1),
(29, 3, 18121, 4, 1.7),
(30, 3, 18141, 5, 2.1),
(31, 3, 11361, 6, 2.8),
(32, 3, 11189, 7, 3.5),
(33, 3, 11179, 8, 3.9),
(34, 3, 11169, 9, 4.5),
(35, 3, 11059, 10, 4.9),
(36, 3, 11049, 11, 5.5),
(37, 3, 11039, 12, 6.1),
(38, 4, 19049, 1, 0),
(39, 4, 19039, 2, 0.8),
(40, 4, 19029, 3, 1.3),
(41, 4, 19019, 4, 1.9),
(42, 4, 11199, 5, 2.4),
(43, 4, 11189, 6, 2.9),
(44, 4, 11179, 7, 3.5),
(45, 4, 11169, 8, 4),
(46, 4, 11061, 9, 4.6),
(47, 4, 11071, 10, 5.1),
(48, 4, 11081, 11, 6),
(49, 5, 11379, 1, 0),
(50, 5, 11189, 2, 0.8),
(51, 5, 11179, 3, 1.5),
(52, 5, 11169, 4, 2.1),
(53, 5, 11159, 5, 2.6),
(54, 5, 11149, 6, 3.2),
(55, 6, 41129, 1, 0),
(56, 6, 41119, 2, 0.8),
(57, 6, 41109, 3, 1.6),
(58, 6, 11119, 4, 2.4),
(59, 6, 11109, 5, 3),
(60, 6, 11099, 6, 3.5),
(61, 6, 11089, 7, 4.2),
(62, 6, 11079, 8, 4.8),
(63, 6, 11069, 9, 5.4),
(64, 6, 11059, 10, 6),
(65, 6, 11049, 11, 6.8),
(66, 6, 11039, 12, 7.4),
(67, 7, 41049, 1, 0),
(68, 7, 41119, 2, 0.6),
(69, 7, 41109, 3, 1.4),
(70, 7, 11119, 4, 2),
(71, 7, 11109, 5, 2.6),
(72, 7, 11099, 6, 3.1),
(73, 7, 11089, 7, 3.7),
(74, 7, 11079, 8, 4.3),
(75, 7, 11069, 9, 4.8),
(76, 7, 11059, 10, 5.4),
(77, 7, 11049, 11, 6),
(78, 7, 11039, 12, 6.5),
(79, 8, 13021, 1, 0),
(80, 8, 11201, 2, 0.8),
(81, 8, 11211, 3, 1.4),
(82, 8, 11221, 4, 2),
(83, 8, 11089, 5, 2.4),
(84, 8, 11079, 6, 3.2),
(85, 8, 11069, 7, 4),
(86, 8, 11161, 8, 4.6),
(87, 8, 11171, 9, 5.2),
(88, 8, 11181, 10, 5.9);

